"綜合湯,青椒炒牛肉",,,,,,,,
"溫體牛肉3+1,加肉,加肉,牛肉貢丸(7粒),高麗菜,高麗菜,玉米,娃娃菜,滑蛋炒牛肉",,,,,高麗菜,玉米,娃娃菜,滑蛋炒牛肉
"溫體牛肉湯,芥蘭炒牛肉,芥蘭炒牛肉,滑蛋炒牛肉",,,,,,,,
溫體牛肉湯,,,,,,,,
溫體牛肉湯,,,,,,,,
"溫體牛肉湯,三菇炒牛肉",,,,,,,,
"溫體牛肉湯,滑蛋炒牛肉",,,,,,,,
"溫體牛肉湯,綜合湯,滑蛋炒牛肉",,,,,,,,
"溫體牛肉湯,炒牛肉麵,青蔥炒牛肉",,,,,,,,
"溫體牛肉3+1,溫體牛肉湯,溫體牛肉湯,牛三層肉湯,牛三層肉湯,青椒炒牛肉,炒牛雜",,,,,青椒炒牛肉,炒牛雜,,
"溫體牛肉,牛肉貢丸(7粒),芥蘭炒牛肉","
溫體牛肉,蒜頭炒牛肉",,,,,,,
"溫體牛肉湯,溫體牛肉湯,高麗菜炒牛肉",,,,,,,,
"溫體牛肉湯,溫體牛肉湯,芥蘭炒牛肉",,,,,,,,
"溫體牛肉3+1,娃娃菜,青蔥炒牛肉",,,,,,,,
"溫體牛肉3+1,牛肉貢丸(7粒),娃娃菜,芥蘭炒牛肉,滑蛋炒牛肉",,,,,,,,
"溫體牛肉湯X2,高麗菜炒牛肉",,,,,,,,
"溫體牛肉湯,芥蘭炒牛肉",,,,,,,,
綜合湯,,,,,,,,
"溫體牛肉湯,牛雜湯,綜合湯,洋蔥炒牛肉,滑蛋炒牛肉,滑蛋炒牛肉",,,,,,,,
溫體牛肉,,,,,滑蛋炒牛肉,,,
"牛雜湯,三菇炒牛肉",,,,,,,,
"溫體牛肉3+1,炒牛雜,薑絲炒牛肚",,,,,,,,
"溫體牛肉湯,蒜頭炒牛肉,炒牛雜",,,,,,,,
"溫體牛肉,加肉,蒜頭炒牛肉",,,,,,,,
"溫體牛肉湯,高麗菜炒牛肉",,,,,,,,
"溫體牛肉3+1,高麗菜,娃娃菜,滑蛋炒牛肉",,,,,,,,
"溫體牛肉3+1,牛肉貢丸(7粒),綜合菇",,,,,,,,
"綜合湯,青椒炒牛肉",,,,,,,,
"溫體牛肉湯,炒牛雜麵",,,,,,,,
溫體牛肉湯,,,,,,,,
"溫體牛肉湯,青蔥炒牛肉,薑絲炒牛肚",,,,,,,,
"溫體牛肉湯,洋蔥炒牛肉",,,,,,,,
溫體牛肉湯,,,,,,,,
"溫體牛肉3+1,玉米,芥蘭炒牛肉,薑絲炒牛肚,炒牛肉麵",,,,,,,,
"溫體牛肉湯,牛雜湯,青椒炒牛肉",,,,,,,,
"牛三層肉湯,芥蘭炒牛肉,炒牛肉麵",,,,,,,,
"牛雜湯,青椒炒牛肉,炒牛雜麵",,,,,,,,
"溫體牛肉,牛筋,高麗菜",,,,,,,,
"溫體牛肉,加肉,高麗菜,娃娃菜,玉米,綜合菇,芥蘭炒牛肉",,,,,,,,
"溫體牛肉3+1,娃娃菜,綜合菇",,,,,綜合菇,芥蘭炒牛肉,,
"溫體牛肉,娃娃菜,芥蘭炒牛肉,三菇炒牛肉",,,,,,,,
"溫體牛肉3+1,炒牛雜",,,,,,,,
"溫體牛肉湯,三菇炒牛肉,炒牛肉麵",,,,,,,,
"溫體牛肉,滑蛋炒牛肉",,,,,,,,
"溫體牛肉,牛肉貢丸(7粒),高麗菜,娃娃菜",,,,,,,,
"溫體牛肉3+1,薑絲炒牛肉,麻油牛心",,,,,,,,
"溫體牛肉3+1,牛肉貢丸(7粒),娃娃菜,綜合菇,滑蛋炒牛肉,薑絲炒牛肚,麻油牛心",,,,,,,,
炒牛肉麵,,,,,薑絲炒牛肚,麻油牛心,,
"溫體牛肉,芥蘭炒牛肉",,,,,,,,
"溫體牛肉3+1,牛肉貢丸(7粒)",,,,,,,,
"牛雜湯,芥蘭炒牛肉,滑蛋炒牛肉,薑絲炒牛肚",,,,,,,,
"溫體牛肉,芥蘭炒牛肉",,,,,,,,
"溫體牛肉湯,溫體牛肉湯,溫體牛肉湯",,,,,,,,
溫體牛肉湯,,,,,,,,
溫體牛肉3+1,,,,,,,,
"溫體牛肉湯,高麗菜炒牛肉",,,,,,,,
"溫體牛肉湯,滑蛋炒牛肉,炒牛肉麵",,,,,,,,
"溫體牛肉3+1,高麗菜",,,,,,,,
"溫體牛肉,加肉,牛肉貢丸(7粒),高麗菜,滑蛋炒牛肉",,,,,,,,
"溫體牛肉3+1,高麗菜,娃娃菜,芥蘭炒牛肉,滑蛋炒牛肉,炒牛雜",,,,,,,,
"牛三層肉湯,牛雜湯,薑絲炒牛肚,牛骨隨",,,,,炒牛雜,,,
"溫體牛肉,滑蛋炒牛肉",,,,,,,,
"溫體牛肉,加肉,高麗菜,綜合菇,芥蘭炒牛肉",,,,,,,,
"溫體牛肉,牛雜,牛肉貢丸(7粒),三菇炒牛肉",,,,,,,,
"溫體牛肉3+1,牛肉貢丸(7粒),娃娃菜,高麗菜炒牛肉",,,,,,,,
"溫體牛肉,加肉,茼蒿,滑蛋炒牛肉",,,,,,,,
"溫體牛肉3+1,牛筋,娃娃菜,綜合菇,滑蛋炒牛肉",,,,,,,,
"溫體牛肉3+1,牛肉貢丸(7粒),高麗菜,油菜炒牛肉",,,,,,,,
"溫體牛肉3+1,牛肉貢丸(7粒),高麗菜,青椒炒牛肉",,,,,,,,
"牛雜湯,牛雜湯,高麗菜炒牛肉",,,,,,,,
"青椒炒牛肉,炒牛雜麵",,,,,,,,
"溫體牛肉,牛肉貢丸(7粒),高麗菜,青江菜,娃娃菜,玉米,綜合菇",,,,,,,,
"綜合湯,高麗菜炒牛肉",,,,,玉米,綜合菇,,
"溫體牛肉3+1,牛肉貢丸(7粒),玉米,芥蘭炒牛肉,薑絲炒牛肉",,,,,,,,
"溫體牛肉3+1,滑蛋炒牛肉",,,,,,,,
"溫體牛肉湯,溫體牛肉湯",,,,,,,,
"溫體牛肉湯,溫體牛肉湯,滑蛋炒牛肉",,,,,,,,
"溫體牛肉湯,青蔥炒牛肉",,,,,,,,
"溫體牛肉,牛肉貢丸(7粒),綜合菇,滑蛋炒牛肉",,,,,,,,
"溫體牛肉3+1,牛肉貢丸(7粒)",,,,,,,,
"溫體牛肉,牛筋,牛雜,芥蘭炒牛肉",,,,,,,,
"溫體牛肉湯,炒牛肉麵",,,,,,,,
"溫體牛肉,加肉,高麗菜,油菜炒牛肉,炒牛肉麵",,,,,,,,
"溫體牛肉湯,牛雜湯,芥蘭炒牛肉",,,,,,,,
"溫體牛肉,牛肉貢丸(7粒),青江菜,綜合菇,青椒炒牛肉,滑蛋炒牛肉",,,,,,,,
"溫體牛肉湯,牛三層肉湯,炒牛雜,薑絲炒牛肚",,,,,滑蛋炒牛肉,,,
"溫體牛肉,加肉,牛肉貢丸(7粒),娃娃菜,綜合菇,芥蘭炒牛肉",,,,,,,,
"溫體牛肉湯,炒牛肉麵",,,,,芥蘭炒牛肉,,,
"溫體牛肉湯,芥蘭炒牛肉",,,,,,,,
"溫體牛肉湯,牛雜湯,金沙苦瓜牛肉",,,,,,,,
綜合湯,,,,,,,,
"溫體牛肉,加肉,蒜頭炒牛肉",,,,,,,,
"溫體牛肉3+1,高麗菜,綜合菇",,,,,,,,
"溫體牛肉湯,滑蛋炒牛肉",,,,,,,,
青椒炒牛肉,,,,,,,,
芥蘭炒牛肉,,,,,,,,
"溫體牛肉3+1,娃娃菜,玉米,綜合菇",,,,,,,,
"溫體牛肉湯,溫體牛肉湯,青椒炒牛肉,滑蛋炒牛肉,牛骨隨",,,,,,,,
"溫體牛肉湯,滑蛋炒牛肉",,,,,,,,
溫體牛肉3+1,,,,,,,,
"溫體牛肉湯,牛三層肉湯",,,,,,,,
溫體牛肉湯,,,,,,,,
"溫體牛肉,加肉,牛肉貢丸(7粒),高麗菜,滑蛋炒牛肉",,,,,,,,
溫體牛肉3+1,,,,,,,,
"綜合湯,滑蛋炒牛肉,炒牛肉麵",,,,,,,,
"牛筋湯,炒牛雜麵",,,,,,,,
"溫體牛肉,高麗菜炒牛肉",,,,,,,,
"溫體牛肉湯,牛雜湯,芥蘭炒牛肉,炒牛肉麵",,,,,,,,
"溫體牛肉湯,高麗菜炒牛肉,滑蛋炒牛肉",,,,,,,,
"綜合湯,綜合湯,青蔥炒牛肉,滑蛋炒牛肉,炒牛雜",,,,,,,,
"溫體牛肉,牛肉貢丸(7粒),娃娃菜,綜合菇,薑絲炒牛肚",,,,,,,,
"溫體牛肉3+1,牛筋,綜合菇",,,,,,,,
"溫體牛肉湯,炒牛肉麵",,,,,,,,
"溫體牛肉,牛肉貢丸(7粒),高麗菜,滑蛋炒牛肉",,,,,,,,
"綜合湯,滑蛋炒牛肉",,,,,,,,
"溫體牛肉湯,炒牛肉麵",,,,,,,,
"溫體牛肉湯,溫體牛肉湯,高麗菜炒牛肉,滑蛋炒牛肉",,,,,,,,
"溫體牛肉,牛三層肉,牛肉貢丸(7粒),高麗菜,娃娃菜,蒜頭炒牛肉,炒牛肉麵",,,,,,,,
"溫體牛肉,芥蘭炒牛肉",,,,,蒜頭炒牛肉,炒牛肉麵,,
"溫體牛肉,牛肉貢丸(7粒),油菜炒牛肉,炒牛雜,薑絲炒牛肚",,,,,,,,
"牛三層肉湯,炒牛雜麵",,,,,,,,
"溫體牛肉3+1,牛三層肉,芥蘭炒牛肉,金沙苦瓜牛肉,麻油牛心",,,,,,,,
"溫體牛肉,牛雜,綜合菇,芥蘭炒牛肉,滑蛋炒牛肉,薑絲炒牛肚",,,,,,,,
"溫體牛肉3+1,芥蘭炒牛肉,滑蛋炒牛肉",,,,,薑絲炒牛肚,,,
"溫體牛肉,加肉,高麗菜,娃娃菜,玉米,青蔥炒牛肉",,,,,,,,
"溫體牛肉3+1,玉米",,,,,青蔥炒牛肉,,,
"溫體牛肉3+1,牛肉貢丸(7粒),高麗菜,玉米",,,,,,,,
"溫體牛肉3+1,牛三層肉,加肉,牛肉貢丸(7粒),高麗菜,娃娃菜,玉米,芥蘭炒牛肉",,,,,,,,
"溫體牛肉3+1,綜合菇,青椒炒牛肉,薑絲炒牛肚",,,,,娃娃菜,玉米,芥蘭炒牛肉,
"溫體牛肉湯,青蔥炒牛肉",,,,,,,,
"牛筋湯,芥蘭炒牛肉",,,,,,,,
"溫體牛肉湯,青椒炒牛肉",,,,,,,,
牛三層肉湯,,,,,,,,
"溫體牛肉湯,溫體牛肉湯,青椒炒牛肉",,,,,,,,
"溫體牛肉3+1,牛三層肉,洋蔥炒牛肉",,,,,,,,
"溫體牛肉湯,高麗菜炒牛肉,薑絲炒牛肚",,,,,,,,
"溫體牛肉湯,牛三層肉湯,高麗菜炒牛肉",,,,,,,,
"溫體牛肉湯,溫體牛肉湯",,,,,,,,
炒牛肉麵,,,,,,,,
"溫體牛肉,牛雜,芥蘭炒牛肉",,,,,,,,
"溫體牛肉3+1,牛肉貢丸(7粒),高麗菜,娃娃菜,玉米,金沙苦瓜牛肉,炒牛肉麵",,,,,,,,
"溫體牛肉3+1,牛肉貢丸(7粒)",,,,,金沙苦瓜牛肉,炒牛肉麵,,
"溫體牛肉,牛肉貢丸(7粒),娃娃菜,綜合菇",,,,,,,,
"溫體牛肉湯,綜合湯,芥蘭炒牛肉,炒牛肉麵",,,,,,,,
"溫體牛肉3+1,牛肉貢丸(7粒)",,,,,,,,
溫體牛肉,,,,,,,,
"溫體牛肉,牛肉貢丸(7粒),高麗菜,娃娃菜,綜合菇",,,,,,,,
"溫體牛肉,牛三層肉,芥蘭炒牛肉,青椒炒牛肉",,,,,,,,
"溫體牛肉湯,溫體牛肉湯,青蔥炒牛肉,洋蔥炒牛肉",,,,,,,,
"溫體牛肉,牛雜,牛骨隨""",,,,,,,,
"溫體牛肉3+1,牛肉貢丸(7粒),高麗菜炒牛肉,薑絲炒牛肚",,,,,,,,
溫體牛肉3+1,,,,,,,,
"溫體牛肉湯,高麗菜炒牛肉",,,,,,,,
"溫體牛肉3+1,加肉,加肉,牛肉貢丸(7粒),高麗菜,綜合菇,高麗菜炒牛肉,薑絲炒牛肉",,,,,,,,
溫體牛肉3+1,,,,,綜合菇,高麗菜炒牛肉,薑絲炒牛肉,
"溫體牛肉,加肉,牛肉貢丸(7粒),高麗菜",,,,,,,,
"溫體牛肉3+1,芥蘭炒牛肉",,,,,,,,
"溫體牛肉,牛雜,高麗菜,娃娃菜,綜合菇",,,,,,,,
"溫體牛肉湯,溫體牛肉湯,青蔥炒牛肉",,,,,,,,
"溫體牛肉3+1,滑蛋炒牛肉",,,,,,,,
"溫體牛肉湯,芥蘭炒牛肉,高麗菜炒牛肉",,,,,,,,
"溫體牛肉湯,綜合湯",,,,,,,,
"溫體牛肉湯,滑蛋炒牛肉",,,,,,,,
"綜合湯,綜合湯",,,,,,,,
"溫體牛肉,加肉,炒牛肉麵",,,,,,,,
"青江菜,娃娃菜,滑蛋炒牛肉",,,,,,,,
"溫體牛肉,牛肉貢丸(7粒)",,,,,,,,
"溫體牛肉3+1,芥蘭炒牛肉",,,,,,,,
溫體牛肉湯,,,,,,,,
"溫體牛肉3+1,高麗菜,綜合菇,綜合菇,滑蛋炒牛肉",,,,,,,,
"溫體牛肉湯,溫體牛肉湯,滑蛋炒牛肉,炒牛肉麵",,,,,,,,
溫體牛肉3+1,,,,,,,,
"溫體牛肉,牛三層肉,牛肉貢丸(7粒),高麗菜,芥蘭炒牛肉",,,,,,,,
"牛三層肉,高麗菜,玉米,炒牛肉麵",,,,,,,,
"溫體牛肉,娃娃菜",,,,,,,,
"蒜頭炒牛肉,蒜頭炒牛肉",,,,,,,,
溫體牛肉3+1,,,,,,,,
"溫體牛肉湯,青椒炒牛肉""",,,,,,,,
"溫體牛肉,加肉,牛肉貢丸(7粒),芥蘭炒牛肉""",,,,,,,,
"溫體牛肉湯,溫體牛肉湯,青蔥炒牛肉""",,,,,,,,
"溫體牛肉湯,芥蘭炒牛肉""",,,,,,,,
溫體牛肉湯,,,,,,,,
"溫體牛肉,加肉,青蔥炒牛肉",,,,,,,,
溫體牛肉湯,,,,,,,,
"溫體牛肉湯,溫體牛肉湯,滑蛋炒牛肉",,,,,,,,
"溫體牛肉,滑蛋炒牛肉",,,,,,,,
"綜合湯,滑蛋炒牛肉",,,,,,,,
溫體牛肉湯,,,,,,,,
"溫體牛肉湯,溫體牛肉湯,炒牛雜,芥蘭炒牛肉",,,,,,,,
牛三層肉湯,,,,,,,,
溫體牛肉湯,,,,,,,,
"溫體牛肉湯,溫體牛肉湯,芥蘭炒牛肉,滑蛋炒牛肉",,,,,,,,
炒牛肉麵,,,,,,,,
溫體牛肉湯,,,,,,,,
"溫體牛肉3+1,牛肉貢丸(7粒),蒜頭炒牛肉,青蔥炒牛肉,牛骨隨",,,,,,,,
炒牛肉麵,,,,,,,,
溫體牛肉,,,,,,,,
"溫體牛肉湯,牛三層肉湯,滑蛋炒牛肉,炒牛雜",,,,,,,,
"溫體牛肉湯,牛雜湯,綜合湯,蒜頭炒牛肉,滑蛋炒牛肉,炒牛雜,金沙苦瓜牛肉,薑絲炒牛肚,炒牛肉麵",,,,,,,,
"溫體牛肉湯,薑絲炒牛肉",,,,,,,,
"炒牛肉麵,炒牛雜麵",,,,,,,,
"溫體牛肉,牛肉貢丸(7粒),青江菜,娃娃菜,玉米,綜合菇",,,,,,,,
"溫體牛肉3+1,牛骨隨",,,,,,,,
"溫體牛肉3+1,青蔥炒牛肉",,,,,,,,
"溫體牛肉湯,溫體牛肉湯,芥蘭炒牛肉",,,,,,,,
"溫體牛肉3+1,青江菜,娃娃菜,玉米,綜合菇,芥蘭炒牛肉,洋蔥炒牛肉,滑蛋炒牛肉,炒牛雜",,,,,,,,
"溫體牛肉3+1,高麗菜,芥蘭炒牛肉,高麗菜炒牛肉,金沙苦瓜牛肉",,,,,,,,
"溫體牛肉,牛肉貢丸(7粒),高麗菜,青江菜,綜合菇,蒜頭炒牛肉",,,,,,,,
"溫體牛肉湯,滑蛋炒牛肉",,,,,,,,
"溫體牛肉湯,牛筋湯,芥蘭炒牛肉,三菇炒牛肉",,,,,,,,
"溫體牛肉,加肉,牛肉貢丸(7粒),芥蘭炒牛肉",,,,,,,,
"溫體牛肉湯,溫體牛肉湯,牛雜湯",,,,,,,,
"溫體牛肉,加肉,青蔥炒牛肉,薑絲炒牛肚",,,,,,,,
"溫體牛肉,芥蘭炒牛肉",,,,,,,,
"溫體牛肉3+1,加肉,高麗菜,玉米,綜合菇,麻油牛心",,,,,,,,
"溫體牛肉3+1,炒牛肉麵,炒牛肉麵",,,,,,,,
"溫體牛肉3+1,牛肉貢丸(7粒),高麗菜",,,,,,,,
"溫體牛肉,蒜頭炒牛肉,滑蛋炒牛肉",,,,,,,,
"溫體牛肉湯,滑蛋炒牛肉",,,,,,,,
"牛三層肉湯,牛雜湯",,,,,,,,
"溫體牛肉湯,溫體牛肉湯,溫體牛肉湯,青椒炒牛肉,青蔥炒牛肉,滑蛋炒牛肉,炒牛肉麵",,,,,,,,
"溫體牛肉,牛肉貢丸(7粒),滑蛋炒牛肉",,,,,,,,
"溫體牛肉湯,青蔥炒牛肉",,,,,,,,
"溫體牛肉3+1,牛肉貢丸(7粒),高麗菜,滑蛋炒牛肉",,,,,,,,
"溫體牛肉,娃娃菜",,,,,,,,
"溫體牛肉湯,芥蘭炒牛肉",,,,,,,,
"溫體牛肉,芥蘭炒牛肉",,,,,,,,
溫體牛肉,,,,,,,,
"溫體牛肉湯,芥蘭炒牛肉,高麗菜炒牛肉,滑蛋炒牛肉,三菇炒牛肉",,,,,,,,
"溫體牛肉湯,溫體牛肉湯,芥蘭炒牛肉,炒牛肉麵""",,,,,,,,
"溫體牛肉湯,綜合湯,金沙苦瓜牛肉",,,,,,,,
"溫體牛肉,蒜頭炒牛肉,炒牛雜",,,,,,,,
"溫體牛肉,滑蛋炒牛肉",,,,,,,,
"溫體牛肉,牛肉貢丸(7粒),高麗菜",,,,,,,,
"溫體牛肉,加肉,牛肉貢丸(7粒),綜合菇",,,,,,,,
"牛三層肉湯,高麗菜炒牛肉",,,,,,,,
"溫體牛肉,加肉,牛肉貢丸(7粒),娃娃菜",,,,,,,,
"溫體牛肉湯,芥蘭炒牛肉",,,,,,,,
"溫體牛肉湯,溫體牛肉湯,炒牛肉麵",,,,,,,,
溫體牛肉,,,,,,,,
"綜合湯,金沙苦瓜牛肉",,,,,,,,
"溫體牛肉湯,三菇炒牛肉",,,,,,,,
"溫體牛肉,牛筋,芥蘭炒牛肉,青椒炒牛肉,滑蛋炒牛肉,炒牛雜,金沙苦瓜牛肉",,,,,,,,
溫體牛肉湯,,,,,,,,
"溫體牛肉,加肉,牛肉貢丸(7粒),娃娃菜,青蔥炒牛肉",,,,,,,,
"溫體牛肉湯,溫體牛肉湯",,,,,,,,
"牛三層肉湯,芥蘭炒牛肉",,,,,,,,
"溫體牛肉,加肉,蒜頭炒牛肉",,,,,,,,
"溫體牛肉,高麗菜炒牛肉,高麗菜炒牛肉,牛骨隨",,,,,,,,
"溫體牛肉,牛雜,娃娃菜",,,,,,,,
"溫體牛肉3+1,加肉,加肉,高麗菜,娃娃菜,青椒炒牛肉,滑蛋炒牛肉,金沙苦瓜牛肉",,,,,,,,
"牛雜湯,芥蘭炒牛肉,溫體牛肉3+1",,,,,,,,
"溫體牛肉湯,炒牛肉麵",,,,,,,,
"溫體牛肉,牛肉貢丸(7粒),娃娃菜,玉米,綜合菇,芥蘭炒牛肉",,,,,,,,
溫體牛肉湯,,,,,,,,
"溫體牛肉3+1,高麗菜,芥蘭炒牛肉",,,,,,,,
"溫體牛肉,芥蘭炒牛肉,炒牛肉麵",,,,,,,,
綜合湯,,,,,,,,
"溫體牛肉3+1,牛筋,牛肉貢丸(7粒),高麗菜,青江菜,娃娃菜,綜合菇,青椒炒牛肉",,,,,,,,
"溫體牛肉湯,溫體牛肉湯,滑蛋炒牛肉",,,,,,,,
"溫體牛肉3+1,牛心,牛肉貢丸(7粒),高麗菜",,,,,,,,
"溫體牛肉3+1,牛肉貢丸(7粒),青江菜,青江菜,娃娃菜,綜合菇,高麗菜炒牛肉,蒜頭炒牛肉,滑蛋炒牛肉",,,,,,,,
"溫體牛肉,炒牛肉麵",,,,,,,,
"溫體牛肉,加肉,牛雜,娃娃菜,綜合菇",,,,,,,,
"溫體牛肉,加肉,滑蛋炒牛肉",,,,,,,,
"溫體牛肉湯,溫體牛肉湯",,,,,,,,
綜合湯,,,,,,,,
"溫體牛肉湯,高麗菜炒牛肉,炒牛肉麵",,,,,,,,
"溫體牛肉,高麗菜,綜合菇,青蔥炒牛肉",,,,,,,,
溫體牛肉3+1,,,,,,,,
"牛三層肉湯,牛三層肉湯,芥蘭炒牛肉,滑蛋炒牛肉",,,,,,,,
"溫體牛肉3+1,玉米,芥蘭炒牛肉",,,,,,,,
"溫體牛肉湯,洋蔥炒牛肉",,,,,,,,
"溫體牛肉,牛肉貢丸(7粒),油菜炒牛肉,炒牛雜,薑絲炒牛肚",,,,,,,,
"溫體牛肉湯,牛筋湯,芥蘭炒牛肉,青椒炒牛肉,炒牛雜,麻油牛心,牛骨隨",,,,,,,,
"溫體牛肉湯,綜合湯,高麗菜炒牛肉,薑絲炒牛肚",,,,,,,,
"溫體牛肉3+1,炒牛雜",,,,,,,,
芥蘭炒牛肉,,,,,,,,
"溫體牛肉湯,芥蘭炒牛肉",,,,,,,,
"溫體牛肉湯,芥蘭炒牛肉,蒜頭炒牛肉",,,,,,,,
"溫體牛肉,炒牛雜",,,,,,,,
"溫體牛肉3+1,加肉X2,牛肉貢丸(7粒)",,,,,,,,
"溫體牛肉,牛肉貢丸(7粒)",,,,,,,,
"溫體牛肉,牛肉貢丸(7粒),高麗菜,玉米,綜合菇,青椒炒牛肉",,,,,,,,
"溫體牛肉,加肉,牛肉貢丸(7粒),娃娃菜,綜合菇,蒜頭炒牛肉",,,,,,,,
"青椒炒牛肉,炒牛肉麵",,,,,,,,
"溫體牛肉,牛三層肉,牛筋,牛肉貢丸(7粒),玉米,綜合菇,芥蘭炒牛肉",,,,,,,,
"溫體牛肉,娃娃菜,炒牛雜麵",,,,,,,,
"溫體牛肉,加肉,牛雜,娃娃菜,青椒炒牛肉",,,,,,,,
溫體牛肉湯,,,,,,,,
"溫體牛肉湯,滑蛋炒牛肉",,,,,,,,
"牛三層肉湯,高麗菜炒牛肉",,,,,,,,
"溫體牛肉,牛三層肉,青江菜,油菜炒牛肉,滑蛋炒牛肉",,,,,,,,
溫體牛肉湯,,,,,,,,
"溫體牛肉,加肉,牛肉貢丸(7粒),娃娃菜,玉米",,,,,,,,
綜合湯,,,,,,,,
"溫體牛肉,加肉,高麗菜,薑絲炒牛肉",,,,,,,,
"溫體牛肉湯,炒牛肉麵",,,,,,,,
"溫體牛肉,牛肉貢丸(7粒),綜合菇",,,,,,,,
"溫體牛肉湯X2,芥蘭炒牛肉,炒牛雜",,,,,,,,
"溫體牛肉,芥蘭炒牛肉",,,,,,,,
"溫體牛肉3+1,娃娃菜",,,,,,,,
"溫體牛肉3+1,娃娃菜,綜合菇",,,,,,,,
"芥蘭炒牛肉,滑蛋炒牛肉",,,,,,,,
"溫體牛肉3+1,牛肉貢丸(7粒),高麗菜,娃娃菜,綜合菇,薑絲炒牛肚",,,,,,,,
"溫體牛肉,牛三層肉,高麗菜炒牛肉",,,,,,,,
"溫體牛肉3+1,加肉,芥蘭炒牛肉",,,,,,,,
"溫體牛肉湯,牛三層肉湯,綜合湯,青椒炒牛肉,滑蛋炒牛肉",,,,,,,,
"溫體牛肉湯,芥蘭炒牛肉",,,,,,,,
溫體牛肉湯,,,,,,,,
"溫體牛肉湯X3,高麗菜炒牛肉,洋蔥炒牛肉,金沙苦瓜牛肉",,,,,,,,
溫體牛肉湯,,,,,,,,
"牛雜湯,金沙苦瓜牛肉",,,,,,,,
"溫體牛肉,牛筋,芥蘭炒牛肉",,,,,,,,
"溫體牛肉3+1,牛肉貢丸(7粒),高麗菜",,,,,,,,
"溫體牛肉湯,牛三層肉湯",,,,,,,,
溫體牛肉湯,,,,,,,,
"溫體牛肉湯,牛雜湯,芥蘭炒牛肉",,,,,,,,
滑蛋炒牛肉,,,,,,,,
"溫體牛肉3+1,牛筋,牛肉貢丸(7粒),娃娃菜",,,,,,,,
滑蛋炒牛肉,,,,,,,,
"溫體牛肉,芥蘭炒牛肉,炒牛肉麵",,,,,,,,
"綜合湯X2,芥蘭炒牛肉",,,,,,,,
"溫體牛肉湯,青蔥炒牛肉",,,,,,,,
"溫體牛肉,青椒炒牛肉,牛肉貢丸(7粒)",,,,,,,,
滑蛋炒牛肉,,,,,,,,
"溫體牛肉,三菇炒牛肉",,,,,,,,
溫體牛肉,,,,,,,,
"溫體牛肉3+1,娃娃菜,玉米",,,,,,,,
"溫體牛肉,滑蛋炒牛肉,炒牛雜",,,,,,,,
"溫體牛肉,娃娃菜,滑蛋炒牛肉",,,,,,,,
溫體牛肉湯,,,,,,,,
"溫體牛肉湯,溫體牛肉湯",,,,,,,,
"溫體牛肉3+1,炒牛雜",,,,,,,,
"溫體牛肉,加肉,牛肉貢丸(7粒),芥蘭炒牛肉,炒牛雜",,,,,,,,
"牛三層肉湯,洋蔥炒牛肉",,,,,,,,
"溫體牛肉,牛筋,高麗菜,青蔥炒牛肉,炒牛雜",,,,,,,,
"溫體牛肉湯,洋蔥炒牛肉",,,,,,,,
"溫體牛肉湯,溫體牛肉湯,滑蛋炒牛肉",,,,,,,,
"溫體牛肉3+1,高麗菜,蒜頭炒牛肉",,,,,,,,
"溫體牛肉3+1,牛雜,牛肉貢丸(7粒)",,,,,,,,
"滑蛋炒牛肉,滑蛋炒牛肉,炒牛雜,炒牛雜",,,,,,,,
"溫體牛肉湯,高麗菜炒牛肉",,,,,,,,
"溫體牛肉3+1,牛筋,高麗菜",,,,,,,,
溫體牛肉湯,,,,,,,,
"溫體牛肉,牛筋,牛肉貢丸(7粒),高麗菜,油菜炒牛肉",,,,,,,,
"溫體牛肉3+1,牛肉貢丸(7粒),綜合菇",,,,,,,,
"溫體牛肉3+1,高麗菜,高麗菜,綜合菇",,,,,,,,
"高麗菜炒牛肉,炒牛肉麵",,,,,,,,
"溫體牛肉3+1,牛肉貢丸(7粒),娃娃菜",,,,,,,,
"溫體牛肉3+1,牛三層肉,高麗菜炒牛肉,麻油牛心",,,,,,,,
"溫體牛肉湯,高麗菜炒牛肉,滑蛋炒牛肉",,,,,,,,
"溫體牛肉湯,溫體牛肉湯",,,,,,,,
"溫體牛肉,牛雜,芥蘭炒牛肉",,,,,,,,
"溫體牛肉3+1,牛肉貢丸(7粒),高麗菜,娃娃菜,娃娃菜,綜合菇,芥蘭炒牛肉",,,,,,,,
"溫體牛肉,牛肉貢丸(7粒),娃娃菜,玉米,滑蛋炒牛肉",,,,,,,,
"溫體牛肉,加肉,牛肉貢丸(7粒),高麗菜,娃娃菜,滑蛋炒牛肉",,,,,,,,
"溫體牛肉,牛三層肉,青江菜,娃娃菜",,,,,,,,
"溫體牛肉3+1,高麗菜",,,,,,,,
"溫體牛肉湯,薑絲炒牛肉",,,,,,,,
高麗菜炒牛肉,,,,,,,,
"溫體牛肉湯,炒牛雜",,,,,,,,
"溫體牛肉湯,牛雜湯,炒牛肉麵",,,,,,,,
"溫體牛肉3+1,高麗菜,娃娃菜",,,,,,,,
"綜合湯,滑蛋炒牛肉,芥蘭炒牛肉,炒牛雜",,,,,,,,
牛三層肉湯,,,,,,,,
"溫體牛肉湯,芥蘭炒牛肉",,,,,,,,
"牛心湯,綜合湯",,,,,,,,
"溫體牛肉,牛三層肉,加肉,高麗菜,薑絲炒牛肉",,,,,,,,
"溫體牛肉湯,滑蛋炒牛肉,牛骨隨",,,,,,,,
"溫體牛肉,牛肉貢丸(7粒),高麗菜,青江菜,綜合菇",,,,,,,,
"溫體牛肉3+1,高麗菜,炒牛雜",,,,,,,,
"溫體牛肉湯,溫體牛肉湯,芥蘭炒牛肉",,,,,,,,
"溫體牛肉,牛肉貢丸(7粒),炒牛雜麵,炒牛肉麵",,,,,,,,
"溫體牛肉,牛三層肉,滑蛋炒牛肉",,,,,,,,
綜合湯,,,,,,,,
"溫體牛肉,蒜頭炒牛肉,炒牛肉麵",,,,,,,,
"溫體牛肉,加肉,牛肉貢丸(7粒),青江菜,綜合菇,薑絲炒牛肚",,,,,,,,
溫體牛肉湯,,,,,,,,
"牛肉貢丸(7粒),高麗菜",,,,,,,,
"綜合湯,金沙苦瓜牛肉",,,,,,,,
"溫體牛肉3+1,牛肉貢丸(7粒),高麗菜,芥蘭炒牛肉,蒜頭炒牛肉",,,,,,,,
"溫體牛肉,牛肉貢丸(7粒),高麗菜",,,,,,,,
"溫體牛肉湯,綜合湯,芥蘭炒牛肉,滑蛋炒牛肉,炒牛肉麵",,,,,,,,
"溫體牛肉湯,滑蛋炒牛肉,炒牛雜麵",,,,,,,,
溫體牛肉湯,,,,,,,,
溫體牛肉,,,,,,,,
溫體牛肉湯,,,,,,,,
"溫體牛肉,高麗菜炒牛肉",,,,,,,,
"溫體牛肉,牛筋,娃娃菜,玉米,芥蘭炒牛肉,滑蛋炒牛肉,炒牛雜",,,,,,,,
溫體牛肉,,,,,,,,
溫體牛肉,,,,,,,,
"綜合湯,炒牛肉麵",,,,,,,,
"溫體牛肉湯,青蔥炒牛肉,炒牛肉麵",,,,,,,,
"溫體牛肉湯,溫體牛肉湯,溫體牛肉湯,牛心湯,芥蘭炒牛肉",,,,,,,,
"溫體牛肉湯,溫體牛肉湯,芥蘭炒牛肉,高麗菜炒牛肉",,,,,,,,
"溫體牛肉湯,三菇炒牛肉",,,,,,,,
"溫體牛肉湯,芥蘭炒牛肉,炒牛雜麵",,,,,,,,
"溫體牛肉3+1,青椒炒牛肉",,,,,,,,
"溫體牛肉,牛雜,高麗菜",,,,,,,,
"溫體牛肉湯,青椒炒牛肉",,,,,,,,
"溫體牛肉,牛筋,蒜頭炒牛肉",,,,,,,,
溫體牛肉3+1,,,,,,,,
"牛三層肉湯,芥蘭炒牛肉,三菇炒牛肉",,,,,,,,
"溫體牛肉湯,芥蘭炒牛肉",,,,,,,,
"溫體牛肉湯,牛三層肉湯,青蔥炒牛肉,金沙苦瓜牛肉,炒牛肉麵",,,,,,,,
"溫體牛肉,娃娃菜,綜合菇,金沙苦瓜牛肉",,,,,,,,
綜合湯,,,,,,,,
"溫體牛肉湯,炒牛肉麵",,,,,,,,
"溫體牛肉3+1,牛三層肉,牛心,高麗菜,青江菜,薑絲炒牛肚,薑絲炒牛肚",,,,,,,,
"溫體牛肉3+1,高麗菜,青江菜,高麗菜炒牛肉",,,,,,,,
"溫體牛肉,加肉,高麗菜,玉米",,,,,,,,
"溫體牛肉3+1,娃娃菜,芥蘭炒牛肉",,,,,,,,
"溫體牛肉,加肉,牛肉貢丸(7粒),高麗菜,滑蛋炒牛肉,蒜頭炒牛肉",,,,,,,,
"溫體牛肉湯,牛三層肉湯,牛心湯,炒牛雜",,,,,,,,
"溫體牛肉湯,溫體牛肉湯,滑蛋炒牛肉",,,,,,,,
"溫體牛肉,加肉,牛雜,芥蘭炒牛肉",,,,,,,,
"溫體牛肉,青江菜,青椒炒牛肉",,,,,,,,
溫體牛肉3+1,,,,,,,,
"溫體牛肉湯,溫體牛肉湯,高麗菜炒牛肉,炒牛肉麵",,,,,,,,
"溫體牛肉湯,牛三層肉湯,洋蔥炒牛肉",,,,,,,,
"溫體牛肉湯,芥蘭炒牛肉",,,,,,,,
"溫體牛肉,炒牛肉麵",,,,,,,,
"溫體牛肉,青江菜,芥蘭炒牛肉",,,,,,,,
"牛三層肉湯,薑絲炒牛肉,炒牛雜",,,,,,,,
"溫體牛肉湯,芥蘭炒牛肉,薑絲炒牛肚",,,,,,,,
"溫體牛肉,牛雜",,,,,,,,
"溫體牛肉3+1,高麗菜,玉米,滑蛋炒牛肉",,,,,,,,
"溫體牛肉,牛心,娃娃菜,綜合菇,蒜頭炒牛肉",,,,,,,,
溫體牛肉3+1,,,,,,,,
"溫體牛肉,牛筋,牛雜,高麗菜,洋蔥炒牛肉",,,,,,,,
"溫體牛肉,高麗菜",,,,,,,,
"牛三層肉湯,綜合湯",,,,,,,,
溫體牛肉湯,,,,,,,,
"溫體牛肉湯,青椒炒牛肉",,,,,,,,
"溫體牛肉湯,溫體牛肉湯",,,,,,,,
"溫體牛肉湯,綜合湯,芥蘭炒牛肉",,,,,,,,
"溫體牛肉3+1,高麗菜,綜合菇",,,,,,,,
"溫體牛肉,加肉,牛肉貢丸(7粒),娃娃菜",,,,,,,,
溫體牛肉湯,,,,,,,,
溫體牛肉湯,,,,,,,,
溫體牛肉湯,,,,,,,,
"溫體牛肉3+1,牛肉貢丸(7粒),芥蘭炒牛肉,麻油牛心",,,,,,,,
"溫體牛肉3+1,牛肉貢丸(7粒),牛肉貢丸(7粒),芥蘭炒牛肉,麻油牛心",,,,,,,,
"溫體牛肉3+1,牛肉貢丸(7粒),炒牛雜",,,,,,,,
"溫體牛肉,牛心,高麗菜,青江菜,娃娃菜,芥蘭炒牛肉",,,,,,,,
溫體牛肉湯,,,,,,,,
"溫體牛肉,牛雜,娃娃菜",,,,,,,,
"牛三層肉湯,青椒炒牛肉,牛骨隨",,,,,,,,
"溫體牛肉湯,滑蛋炒牛肉",,,,,,,,
"溫體牛肉湯,綜合湯,蒜頭炒牛肉,滑蛋炒牛肉,薑絲炒牛肚",,,,,,,,
"溫體牛肉3+1,芥蘭炒牛肉",,,,,,,,
"溫體牛肉,牛筋,牛肉貢丸(7粒),高麗菜,油菜炒牛肉",,,,,,,,
"溫體牛肉湯,蔥炒牛肉",,,,,,,,
溫體牛肉湯,,,,,,,,
"溫體牛肉湯,溫體牛肉湯,溫體牛肉湯,溫體牛肉湯,溫體牛肉湯,芥蘭炒牛肉,高麗菜炒牛肉",,,,,,,,
"溫體牛肉,三菇炒牛肉",,,,,,,,
溫體牛肉3+1,,,,,,,,
"溫體牛肉3+1,娃娃菜,綜合菇,滑蛋炒牛肉",,,,,,,,
"溫體牛肉3+1,青江菜,娃娃菜,娃娃菜,綜合菇,青蔥炒牛肉,麻油牛心,蒜頭炒牛肉",,,,,,,,
"溫體牛肉湯,高麗菜炒牛肉",,,,,,,,
"溫體牛肉3+1,牛三層肉,牛肉貢丸(7粒),高麗菜,高麗菜,蒜頭炒牛肉",,,,,,,,
溫體牛肉湯,,,,,,,,
"溫體牛肉,牛肉貢丸(7粒),高麗菜,綜合菇",,,,,,,,
高麗菜炒牛肉,,,,,,,,
"溫體牛肉3+1,高麗菜炒牛肉",,,,,,,,
"溫體牛肉湯,溫體牛肉湯,溫體牛肉湯,溫體牛肉湯,滑蛋炒牛肉",,,,,,,,
綜合湯,,,,,,,,
"溫體牛肉,芥蘭炒牛肉",,,,,,,,
"牛三層肉湯,炒牛肉麵",,,,,,,,
溫體牛肉湯,,,,,,,,
"溫體牛肉3+1,牛肉貢丸(7粒),玉米,高麗菜,高麗菜",,,,,,,,
溫體牛肉湯,,,,,,,,
綜合湯,,,,,,,,
"溫體牛肉,芥蘭炒牛肉",,,,,,,,
"牛三層肉湯,炒牛肉麵",,,,,,,,
溫體牛肉湯,,,,,,,,
"溫體牛肉3+1,牛肉貢丸(7粒),玉米,高麗菜,高麗菜",,,,,,,,
溫體牛肉湯,,,,,,,,
"溫體牛肉湯,芥蘭炒牛肉",,,,,,,,
"溫體牛肉,牛肉貢丸(7粒),炒牛雜麵",,,,,,,,
"溫體牛肉,加肉,牛肉貢丸(7粒),高麗菜,蒜頭炒牛肉",,,,,,,,
"芥蘭炒牛肉,青蔥炒牛肉",,,,,,,,
"溫體牛肉湯,芥蘭炒牛肉",,,,,,,,
"高麗菜炒牛肉,薑絲炒牛肚",,,,,,,,
"溫體牛肉湯,芥蘭炒牛肉",,,,,,,,
"溫體牛肉,牛肉貢丸(7粒),炒牛雜麵",,,,,,,,
"溫體牛肉,加肉,牛肉貢丸(7粒),高麗菜,蒜頭炒牛肉",,,,,,,,
"芥蘭炒牛肉,青蔥炒牛肉",,,,,,,,
"溫體牛肉湯,芥蘭炒牛肉",,,,,,,,
"高麗菜炒牛肉,薑絲炒牛肚",,,,,,,,
"溫體牛肉,加肉,高麗菜炒牛肉",,,,,,,,
"溫體牛肉,牛肉貢丸(7粒)",,,,,,,,
"溫體牛肉3+1,牛三層肉,牛雜,牛肉貢丸(7粒),青江菜,娃娃菜,玉米,綜合菇,芥蘭炒牛肉,油菜炒牛肉,金沙苦瓜牛肉",,,,,,,,
"溫體牛肉3+1,牛肉貢丸(7粒),芥蘭炒牛肉,炒牛肉麵",,,,,,,,
溫體牛肉,,,,,,,,
"溫體牛肉3+1,加肉",,,,,,,,
"溫體牛肉湯,溫體牛肉湯,高麗菜炒牛肉,滑蛋炒牛肉",,,,,,,,
"溫體牛肉3+1,牛肉貢丸(7粒),高麗菜,綜合菇",,,,,,,,
"溫體牛肉,牛心,青江菜,娃娃菜,三菇炒牛肉",,,,,,,,
綜合湯,,,,,,,,
"溫體牛肉,加肉,芥蘭炒牛肉",,,,,,,,
"溫體牛肉湯,芥蘭炒牛肉",,,,,,,,
"溫體牛肉3+1,牛肉貢丸(7粒),滑蛋炒牛肉,薑絲炒牛肉",,,,,,,,
"芥蘭炒牛肉,青椒炒牛肉",,,,,,,,
"溫體牛肉,炒牛雜",,,,,,,,
"溫體牛肉,高麗菜,綜合菇",,,,,,,,
"溫體牛肉湯,三菇炒牛肉",,,,,,,,
青椒炒牛肉,,,,,,,,
牛三層肉湯,,,,,,,,
"綜合湯,青蔥炒牛肉,薑絲炒牛肚",,,,,,,,
溫體牛肉3+1,,,,,,,,
溫體牛肉,,,,,,,,
"溫體牛肉,炒牛肉麵",,,,,,,,
"溫體牛肉湯,高麗菜炒牛肉",,,,,,,,
"溫體牛肉湯,炒牛雜麵",,,,,,,,
"溫體牛肉3+1,芥蘭炒牛肉",,,,,,,,
"溫體牛肉,加肉,牛雜,高麗菜,炒牛肉麵",,,,,,,,
"溫體牛肉湯,炒牛肉麵",,,,,,,,
"牛筋湯,炒牛肉麵",,,,,,,,
"溫體牛肉,高麗菜,娃娃菜,綜合菇,薑絲炒牛肉",,,,,,,,
"溫體牛肉3+1,高麗菜,玉米,炒牛肉麵",,,,,,,,
溫體牛肉3+1,,,,,,,,
"溫體牛肉3+1,牛肉貢丸(7粒),高麗菜,娃娃菜,娃娃菜,玉米,綜合菇",,,,,,,,
"綜合菇,芥蘭炒牛肉,三菇炒牛肉",,,,,,,,
"溫體牛肉3+1,芥蘭炒牛肉",,,,,玉米,綜合菇,,
"溫體牛肉,加肉,牛筋,芥蘭炒牛肉",,,,,,,,
"溫體牛肉3+1,牛肉貢丸(7粒),高麗菜,玉米,青蔥炒牛肉,薑絲炒牛肉,薑絲炒牛肚",,,,,,,,
"麻油牛腦,牛骨隨,炒牛肉麵",,,,,,,,
"溫體牛肉3+1,牛肉貢丸(7粒),青江菜,滑蛋炒牛肉",,,,,薑絲炒牛肉,薑絲炒牛肚,,
溫體牛肉3+1,,,,,,,,
"溫體牛肉,青江菜,洋蔥炒牛肉,滑蛋炒牛肉",,,,,,,,
"溫體牛肉3+1,牛肉貢丸(7粒),高麗菜,高麗菜炒牛肉",,,,,,,,
芥蘭炒牛肉,,,,,,,,
"溫體牛肉湯,溫體牛肉湯,溫體牛肉湯,溫體牛肉湯,炒牛肉麵",,,,,,,,
"溫體牛肉,牛筋,牛雜,高麗菜,青江菜,綜合菇,青蔥炒牛肉",,,,,,,,
"溫體牛肉,高麗菜,玉米""",,,,,,,,
"溫體牛肉3+1,娃娃菜,高麗菜炒牛肉,炒牛雜",,,,,綜合菇,青蔥炒牛肉,,
"溫體牛肉,高麗菜,娃娃菜,綜合菇,青椒炒牛肉",,,,,,,,
"加肉,牛雜,牛肉貢丸(7粒),高麗菜,薑絲炒牛肚,芥蘭炒牛肉",,,,,,,,
"芥蘭炒牛肉,炒牛肉麵",,,,,,,,
"溫體牛肉3+1,娃娃菜,綜合菇,滑蛋炒牛肉",,,,,芥蘭炒牛肉,,,
"溫體牛肉,牛筋,牛肉貢丸(7粒),滑蛋炒牛肉",,,,,,,,
"溫體牛肉3+1,娃娃菜,綜合菇,蒜頭炒牛肉",,,,,,,,
"溫體牛肉湯,溫體牛肉湯,高麗菜炒牛肉",,,,,,,,
"溫體牛肉3+1,綜合菇,滑蛋炒牛肉,炒牛肉麵,高麗菜",,,,,,,,
"溫體牛肉湯,綜合湯,芥蘭炒牛肉",,,,,,,,
"溫體牛肉,高麗菜,綜合菇,芥蘭炒牛肉,高麗菜炒牛肉",,,,,,,,
"溫體牛肉3+1,高麗菜,高麗菜,青江菜,綜合菇",,,,,,,,
"溫體牛肉湯,溫體牛肉湯,溫體牛肉湯,溫體牛肉湯,芥蘭炒牛肉",,,,,,,,
"牛三層肉湯,芥蘭炒牛肉",,,,,,,,
"炒牛肉麵,芥蘭炒牛肉",,,,,,,,
"溫體牛肉湯,溫體牛肉湯,滑蛋炒牛肉",,,,,,,,
"溫體牛肉湯,溫體牛肉湯,高麗菜炒牛肉",,,,,,,,
"溫體牛肉湯,溫體牛肉湯,芥蘭炒牛肉",,,,,,,,
"溫體牛肉3+1,牛筋,牛肉貢丸(7粒),高麗菜,蒜頭炒牛肉,滑蛋炒牛肉*2,牛骨隨",,,,,,,,
"溫體牛肉,牛筋,蒜頭炒牛肉""",,,,,,,,
"溫體牛肉,加肉,牛肉貢丸(7粒),青蔥炒牛肉,炒牛雜",,,,,滑蛋炒牛肉*2,牛骨隨,,
"溫體牛肉3+1,牛筋,牛肉貢丸(7粒),高麗菜,油菜炒牛肉",,,,,,,,
洋蔥炒牛肉,,,,,,,,
"溫體牛肉3+1,溫體牛肉3+1,牛肉貢丸(7粒),芥蘭炒牛肉,青椒炒牛肉,薑絲炒牛肚",,,,,,,,
"溫體牛肉湯,溫體牛肉湯,蒜頭炒牛肉",,,,,,,,
"溫體牛肉,加肉,牛肉貢丸(7粒),高麗菜,芥蘭炒牛肉",,,,,薑絲炒牛肚,,,
"溫體牛肉湯,炒牛肉麵,炒牛雜麵",,,,,,,,
"溫體牛肉,玉米,芥蘭炒牛肉,炒牛肉麵",,,,,,,,
"溫體牛肉湯,溫體牛肉湯,高麗菜炒牛肉",,,,,,,,
"溫體牛肉,加肉,芥蘭炒牛肉",,,,,,,,
"溫體牛肉湯,蒜頭炒牛肉,滑蛋炒牛肉",,,,,,,,
"綜合湯,炒牛肉麵",,,,,,,,
"溫體牛肉湯,溫體牛肉湯,芥蘭炒牛肉",,,,,,,,
"牛三層肉湯,牛雜湯,芥蘭炒牛肉",,,,,,,,
"牛三層肉湯,芥蘭炒牛肉",,,,,,,,
"溫體牛肉湯,油菜炒牛肉",,,,,,,,
"溫體牛肉,牛三層肉,高麗菜炒牛肉",,,,,,,,
"溫體牛肉3+1,牛肉貢丸(7粒),薑絲炒牛肚,芥蘭炒牛肉",,,,,,,,
"溫體牛肉湯,溫體牛肉湯,青椒炒牛肉,滑蛋炒牛肉",,,,,,,,
"溫體牛肉湯,洋蔥炒牛肉",,,,,,,,
"溫體牛肉湯,溫體牛肉湯,蒜頭炒牛肉",,,,,,,,
"溫體牛肉3+1,牛肉貢丸(7粒),高麗菜,綜合菇",,,,,,,,
溫體牛肉湯,溫體牛肉湯,蒜頭炒牛肉,,,,,,
溫體牛肉3+1,牛肉貢丸(7粒),高麗菜,綜合菇,,,,,
